trial,request_count,cumulative_wall_distinct_s,cumulative_wall_shared_s,wall_savings_s,wall_savings_percent,amortized_wall_distinct_s,amortized_wall_shared_s,cumulative_prompt_eval_distinct_s,cumulative_prompt_eval_shared_s,prompt_eval_savings_s,prompt_eval_savings_percent,amortized_prompt_eval_distinct_s,amortized_prompt_eval_shared_s,median_cumulative_wall_shared_s,median_cumulative_wall_distinct_s,median_cumulative_prompt_eval_shared_s,median_cumulative_prompt_eval_distinct_s
1,1,1.84305809999978,1.826880500000243,0.01617759999953705,0.8777585470332694,1.84305809999978,1.826880500000243,1.035435,1.047714,-0.012278999999999929,-1.1858783989337744,1.035435,1.047714,,,,
1,2,3.645969199999854,2.94058189999987,0.705387299999984,19.34704495035263,1.822984599999927,1.470290949999935,2.061404,1.384375,0.6770290000000001,32.843101109729105,1.030702,0.6921875,,,,
1,3,5.452252699999917,4.022519999999986,1.4297326999999314,26.222788609925455,1.817417566666639,1.3408399999999954,3.0856279989999997,1.7239499999999999,1.3616779989999999,44.129687682419814,1.0285426663333332,0.57465,,,,
2,1,1.8297422999999071,1.8001604999999472,0.029581799999959912,1.6167194691821583,1.8297422999999071,1.8001604999999472,1.062761,1.034602,0.028159000000000045,2.6496079551282032,1.062761,1.034602,,,,
2,2,3.619471699999849,2.868702199999916,0.750769499999933,20.742516097030524,1.8097358499999245,1.434351099999958,2.0871750000000002,1.372153,0.7150220000000003,34.25788446105383,1.0435875000000001,0.6860765,,,,
2,3,5.459564199999932,3.958086799999819,1.5014774000001125,27.501781186127115,1.8198547333333106,1.3193622666666063,3.14428,1.7054449999999999,1.4388350000000003,45.7603966567863,1.0480933333333333,0.5684816666666667,,,,
mean,1,1.8364001999998436,1.8135205000000951,0.022879699999748482,1.2458994504438863,1.8364001999998436,1.8135205000000951,1.049098,1.041158,0.007940000000000058,0.7568406383388452,1.049098,1.041158,1.8135205000000951,1.8364001999998436,1.041158,1.049098
mean,2,3.6327204499998516,2.904642049999893,0.7280783999999585,20.042235840084757,1.8163602249999258,1.4523210249999465,2.0742895,1.378264,0.6960255,33.55488710712752,1.03714475,0.689132,2.904642049999893,3.6327204499998516,1.378264,2.0742895
mean,3,5.455908449999924,3.9903033999999025,1.465605050000022,26.862713394687592,1.8186361499999748,1.3301011333333008,3.1149539995,1.7146974999999998,1.4002564995000002,44.95271839406822,1.0383179998333334,0.5715658333333332,3.9903033999999025,5.455908449999924,1.7146974999999998,3.1149539995
